sample	chrom	seg	num.mark	nhet	cnlr.median	mafR	segclust	cnlr.median.clust	mafR.clust	start	end	cf.em	tcn.em	lcn.em	purity
ACTN01020001T	1	1	88	88	0.116555212762602	0.0524872308616073	8	0.122943025029698	0.0437592295686084	6172875	241679889	0.232675571559402	3	1	0.26
ACTN01020001T	2	2	93	93	-0.0336767489275974	0.0216199162987551	5	-0.0144332746364378	0.0241020598635632	24896389	234677659	1	2	1	0.26
ACTN01020001T	3	3	113	113	-0.0681562841044305	0.0407359355546248	4	-0.0774983363152416	0.0429060928213932	9479142	195596907	1	2	1	0.26
ACTN01020001T	4	4	30	30	-0.0932770696722147	0.11258036945347	4	-0.0774983363152416	0.0429060928213932	40245990	143352065	1	2	1	0.26
ACTN01020001T	5	5	35	35	0.0290552053269077	0.0363216389744512	6	0.0300320254944503	0.0468903092306682	233371	180076129	0.243705269423399	3	1	0.26
ACTN01020001T	6	6	95	95	-0.0977068585363667	0.0287424767266313	4	-0.0774983363152416	0.0429060928213932	15374544	168312624	1	2	1	0.26
ACTN01020001T	7	7	118	118	0.198048891898087	0.0342663542895789	9	0.198048891898087	0.0342663542895789	2950244	156798704	0.25262227910209	3	1	0.26
ACTN01020001T	8	8	71	71	0.128465113595422	0.0321681307827679	8	0.122943025029698	0.0437592295686084	30933859	145742879	0.232675571559402	3	1	0.26
ACTN01020001T	9	9	45	45	-0.124061569321927	0.0639652185913258	3	-0.142637498883408	0.0417801697099559	5050369	139410589	0.189171758948763	1	0	0.26
ACTN01020001T	10	10	42	42	-0.074770366306058	0.0415565435442353	4	-0.0774983363152416	0.0429060928213932	8106502	114900627	1	2	1	0.26
ACTN01020001T	11	11	63	63	-0.148880738475918	0.0306734380245748	3	-0.142637498883408	0.0417801697099559	3701130	128679566	0.189171758948763	1	0	0.26
ACTN01020001T	12	12	82	82	-0.0128951957070381	0.0204946330984024	5	-0.0144332746364378	0.0241020598635632	1902766	133258088	1	2	1	0.26
ACTN01020001T	13	13	27	27	-0.249913657675511	0.0370957215117271	1	-0.249913657675511	0.0370957215117271	25460829	103524762	0.242107989217315	1	0	0.26
ACTN01020001T	14	14	15	15	-0.207501417284395	0.0847884544942675	2	-0.207501417284395	0.0847884544942675	23788526	105258437	0.25262227910209	1	0	0.26
ACTN01020001T	15	15	48	48	0.00422013762727636	0.0412600019937165	5	-0.0144332746364378	0.0241020598635632	40453497	93567864	1	2	1	0.26
ACTN01020001T	16	16	73	73	-0.16194688766752	0.0363540276432942	3	-0.142637498883408	0.0417801697099559	2115819	89881612	0.189171758948763	1	0	0.26
ACTN01020001T	17	17	82	82	0.0626239752401521	0.0213895128868422	7	0.0755753227390506	0.0283289896084597	7217463	79974731	0.184502251358728	3	1	0.26
ACTN01020001T	18	18	25	25	0.019264108265526	0.0604610471639629	6	0.0300320254944503	0.0468903092306682	22774712	56400351	0.243705269423399	3	1	0.26
ACTN01020001T	19	19	49	49	0.0457883121362447	0.0459474857669664	6	0.0300320254944503	0.0468903092306682	1219274	52720262	0.243705269423399	3	1	0.26
ACTN01020001T	20	20	42	42	0.0798825537551865	0.0507577522562579	7	0.0755753227390506	0.0283289896084597	30954295	57485611	0.184502251358728	3	1	0.26
ACTN01020001T	21	21	23	23	-0.0821102132264815	0.0411312606717188	4	-0.0774983363152416	0.0429060928213932	36421036	46321035	1	2	1	0.26
ACTN01020001T	22	22	53	53	0.0787675998739914	0.0242477553860872	7	0.0755753227390506	0.0283289896084597	21337964	43244238	0.184502251358728	3	1	0.26
ACTN01020002T	1	1	89	89	0.0302021346582241	0.0367177877684612	7	0.0367543244267936	0.032191444484098	6211340	241679889	1	2	1	0.5
ACTN01020002T	2	2	112	112	0.0484620525734399	0.0210034459577302	7	0.0367543244267936	0.032191444484098	29419591	231174420	1	2	1	0.5
ACTN01020002T	3	3	91	91	-0.0959032474446902	0.12853842182892	5	-0.0959032474446902	0.12853842182892	3192927	195599085	0.320779589453077	1	0	0.5
ACTN01020002T	4	4	45	45	0.0422258806583056	0.0173218933437718	7	0.0367543244267936	0.032191444484098	40245990	143326714	1	2	1	0.5
ACTN01020002T	5	5	39	39	0.0739040206424417	0.0314132716941382	8	0.0930611528807344	0.0385970634249654	7870083	180076129	1	2	1	0.5
ACTN01020002T	6	6	50	50	0.104500749574171	0.0373934034172594	8	0.0930611528807344	0.0385970634249654	407656	56507135	1	2	1	0.5
ACTN01020002T	6	7	140	140	-0.34051232371755	0.233493032858339	3	-0.338806032223659	0.236544234510175	69647086	160517888	0.440961567377678	1	0	0.5
ACTN01020002T	7	8	145	145	0.0878973611070856	0.0581667352005231	8	0.0930611528807344	0.0385970634249654	2950244	151893675	1	2	1	0.5
ACTN01020002T	8	9	45	45	0.0698536388694042	0.0288911366438834	8	0.0930611528807344	0.0385970634249654	30968665	69033699	1	2	1	0.5
ACTN01020002T	8	10	39	39	-0.338422537263053	0.239917871738403	3	-0.338806032223659	0.236544234510175	101613252	114111250	0.440961567377678	1	0	0.5
ACTN01020002T	8	11	11	11	0.107425477904012	0.0397050864226059	8	0.0930611528807344	0.0385970634249654	141034652	145741130	NA	2	NA	0.5
ACTN01020002T	9	12	19	19	0.00292961629442701	0.0671646747360813	6	-0.0146817622087987	0.0936406153247218	36922924	139410589	1	2	1	0.5
ACTN01020002T	10	13	40	40	0.0359190235338999	0.0716979726328527	7	0.0367543244267936	0.032191444484098	8097368	123325755	1	2	1	0.5
ACTN01020002T	11	14	42	42	-0.0210738718684648	0.104430640177447	6	-0.0146817622087987	0.0936406153247218	3701177	128679211	1	2	1	0.5
ACTN01020002T	12	15	80	80	0.103203737357845	0.0209761022663015	8	0.0930611528807344	0.0385970634249654	475579	133263825	1	2	1	0.5
ACTN01020002T	13	16	21	21	0.10350626326787	0.0720414034028781	8	0.0930611528807344	0.0385970634249654	25460829	103524762	1	2	1	0.5
ACTN01020002T	14	17	25	25	0.138767168124424	0.0359908109774142	9	0.143114500061946	0.0291327328188245	23788526	77755221	1	2	1	0.5
ACTN01020002T	15	18	39	39	0.132976115400861	0.0395192698628879	9	0.143114500061946	0.0291327328188245	40894561	99492313	1	2	1	0.5
ACTN01020002T	16	19	125	125	0.136611640269772	0.0299357755288172	9	0.143114500061946	0.0291327328188245	9862556	89881612	1	2	1	0.5
ACTN01020002T	17	20	33	33	-0.809437318700648	0.0710673748586911	1	-0.809437318700648	0.0710673748586911	5424129	17130043	0.440961567377678	0	0	0.5
ACTN01020002T	17	21	56	56	0.147629173390781	0.0230174286409092	9	0.143114500061946	0.0291327328188245	33430900	79479469	1	2	1	0.5
ACTN01020002T	18	22	19	19	-0.384549091777961	0.304901279113652	2	-0.384549091777961	0.304901279113652	39568444	59206480	0.440961567377678	1	0	0.5
ACTN01020002T	19	23	62	62	0.169814984002906	0.0257617349129177	9	0.143114500061946	0.0291327328188245	1219274	52720262	1	2	1	0.5
ACTN01020002T	20	24	26	26	0.115485647252985	0.0122525445701977	8	0.0930611528807344	0.0385970634249654	40713997	57485611	1	2	1	0.5
ACTN01020002T	21	25	20	20	0.115858152418302	0.0271334727644036	8	0.0930611528807344	0.0385970634249654	36232156	46329740	1	2	1	0.5
ACTN01020002T	22	26	26	26	-0.216001729060691	0.344031204669335	4	-0.216001729060691	0.344031204669335	22123189	41570071	0.440961567377678	1	0	0.5
ACTN01020003T	5	1	3	3	-0.000877430687625136	0.994769135358789	3	-0.000681342478932555	1.32523903370401	112175770	112177171	0.52324357460674	2	0	0.87
ACTN01020003T	6	2	4	4	-0.00206657764980898	0.626552922316084	3	-0.000681342478932555	1.32523903370401	56471402	56484758	0.52324357460674	2	0	0.87
ACTN01020003T	7	3	4	4	0.00947511301688964	1.95663955470936	3	-0.000681342478932555	1.32523903370401	91629984	106510076	0.52324357460674	2	0	0.87
ACTN01020003T	9	4	1	0	0.0012435192611813	0	4	-0.000681342478932555	NA	87491253	87491253	0.52324357460674	2	NA	0.87
ACTN01020003T	10	5	2	2	-0.368007141381854	2.6015035002915	1	-0.368007141381854	2.6015035002915	51585752	70332066	0.742323036383109	1	0	0.87
ACTN01020003T	13	6	1	0	-0.000702334993487541	0	4	-0.000681342478932555	NA	110436232	110436232	0.52324357460674	2	NA	0.87
ACTN01020003T	14	7	2	2	-0.0484832271343782	1.69117417702628	2	-0.0484832271343782	1.69117417702628	51223106	51225132	0.52324357460674	2	0	0.87
ACTN01020003T	15	8	4	4	-0.00643261957479556	1.67873368842549	3	-0.000681342478932555	1.32523903370401	74326711	74336633	0.52324357460674	2	0	0.87
ACTN01020003T	17	9	1	1	-0.000660349964377568	2.2874674640063	3	-0.000681342478932555	1.32523903370401	78319380	78319380	0.52324357460674	2	0	0.87
ACTN01020005T	1	1	69	69	0.0588252070898378	0.0970995225429297	7	0.0883853127188173	0.0970995225429297	6172875	241679889	0.182700299494351	2	0	0.5
ACTN01020005T	2	2	108	108	0.0918386526559687	0.018546158728153	6	0.0883853127188173	0.0264646029014869	29419591	231174420	1	2	1	0.5
ACTN01020005T	3	3	72	72	-0.280249214169972	0.304170770494557	2	-0.275540854531596	0.264313000287139	3192927	105404031	0.459088160771303	1	0	0.5
ACTN01020005T	3	4	52	52	0.0714630361965027	0.0337220447160942	6	0.0883853127188173	0.0264646029014869	105465189	195599085	1	2	1	0.5
ACTN01020005T	4	5	25	25	0.135277279140931	0.00812293014491382	8	0.135277279140931	0.0151640894591815	55599436	143352065	1	2	1	0.5
ACTN01020005T	5	6	32	32	0.181585560051452	0.0380948585577014	9	0.183098100999056	0.0288584785220491	233371	180076129	1	2	1	0.5
ACTN01020005T	6	7	66	66	0.0957618853674722	0.031009144262056	6	0.0883853127188173	0.0264646029014869	15374962	56507135	1	2	1	0.5
ACTN01020005T	6	8	109	109	-0.356279467989129	0.292053598243889	1	-0.356279467989129	0.292053598243889	69785765	168347052	0.459088160771303	1	0	0.5
ACTN01020005T	7	9	127	127	0.0866179000860007	0.0210873825713171	6	0.0883853127188173	0.0264646029014869	2946461	151893695	1	2	1	0.5
ACTN01020005T	8	10	67	67	-0.083355092902601	0.140697841066333	4	-0.083355092902601	0.140697841066333	30933859	141467960	0.315361169930271	1	0	0.5
ACTN01020005T	9	11	40	40	-0.276929370830201	0.217773582868055	2	-0.275540854531596	0.264313000287139	5050369	139418661	0.459088160771303	1	0	0.5
ACTN01020005T	10	12	39	39	0.0745400504242683	0.0396918576227934	6	0.0883853127188173	0.0264646029014869	8105745	114900595	1	2	1	0.5
ACTN01020005T	11	13	56	56	-0.279643277687584	0.288723774166811	2	-0.275540854531596	0.264313000287139	2156213	128679211	0.459088160771303	1	0	0.5
ACTN01020005T	12	14	71	71	0.183098100999056	0.0253382870290368	9	0.183098100999056	0.0288584785220491	2595011	133263825	1	2	1	0.5
ACTN01020005T	13	15	22	22	-0.242350742384171	0.1276274047943	2	-0.275540854531596	0.264313000287139	26959593	103524762	0.459088160771303	1	0	0.5
ACTN01020005T	14	16	18	18	-0.157914221124828	0.17635491903567	3	-0.161858206777768	0.107491641267795	51197893	105258892	0.303382457811555	1	0	0.5
ACTN01020005T	15	17	44	44	0.102994126628852	0.0228646797527943	6	0.0883853127188173	0.0264646029014869	40453497	99193269	1	2	1	0.5
ACTN01020005T	16	18	114	114	0.0900796880476196	0.0255279775142126	6	0.0883853127188173	0.0264646029014869	2099232	89818491	1	2	1	0.5
ACTN01020005T	17	19	65	65	0.013924504429569	0.0844871068354975	5	0.013924504429569	0.0567058625458586	7150552	78935197	1	2	1	0.5
ACTN01020005T	18	20	40	40	0.0048926651361049	0.00814546303216928	5	0.013924504429569	0.0567058625458586	22774712	59206480	1	2	1	0.5
ACTN01020005T	19	21	54	54	0.102042539579711	0.0353504366440766	6	0.0883853127188173	0.0264646029014869	1219274	52704961	1	2	1	0.5
ACTN01020005T	20	22	38	38	0.135798762933894	0.019641968659688	8	0.135277279140931	0.0151640894591815	39709255	54962772	1	2	1	0.5
ACTN01020005T	21	23	30	30	-0.170609628635573	0.0723061340225167	3	-0.161858206777768	0.107491641267795	39764016	46329740	0.303382457811555	1	0	0.5
ACTN01020005T	22	24	24	24	0.0292937485135679	0.0538859525859009	5	0.013924504429569	0.0567058625458586	21336549	41569887	1	2	1	0.5
ACTN01020005T	23	25	34	34	0.0613692508581047	0.0250414499218937	6	0.0883853127188173	0.0264646029014869	15821372	153577719	1	2	1	0.5
ACTN01020006T	1	1	83	83	0.18661305801311	0.267696800779496	16	0.18661305801311	0.267696800779496	3320064	220824115	0.336437115519023	6	3	0.63
ACTN01020006T	2	2	44	44	0.0126515035530281	0.184035500647892	11	0.00606234872163832	0.0782436389834295	25458379	128049631	0.53371452377717	4	2	0.63
ACTN01020006T	2	3	50	50	-0.496504248807971	1.75457466494693	5	-0.500540122700441	1.6649961991862	141291380	170146913	0.545427729730065	2	0	0.63
ACTN01020006T	2	4	65	65	-0.0106352079371659	0.0267769860602485	11	0.00606234872163832	0.0782436389834295	178097666	234677659	0.53371452377717	4	2	0.63
ACTN01020006T	3	5	88	88	-0.425038364518817	0.0745747625312043	6	-0.430384913522372	0.0745747625312043	12631774	195612034	0.337753261110365	3	1	0.63
ACTN01020006T	4	6	29	29	-0.732163867310975	1.84298641034557	2	-0.732163867310975	1.84298641034557	54931808	143352065	0.562123048076084	3	0	0.63
ACTN01020006T	5	7	15	15	0.0537996380753396	0.0339676250810393	14	0.0568099431371326	0.0339676250810393	1266310	39074696	0.327419713199573	5	2	0.63
ACTN01020006T	5	8	19	19	-0.775452346698381	1.63015333060909	1	-0.775452346698381	1.63015333060909	67569746	112162854	0.568111502505409	2	0	0.63
ACTN01020006T	5	9	9	9	0.231826311516386	0.0729207454522012	18	0.231852048150285	0.0739311560252725	112164238	149497177	0.568111502505409	4	NA	0.63
ACTN01020006T	5	10	18	18	-0.614468613043391	1.26971620883745	3	-0.626820855979235	1.27148670011127	161116942	180076130	0.504631604865603	2	0	0.63
ACTN01020006T	6	11	58	58	0.238900125559573	0.697063262594775	17	0.231852048150285	0.697063262594775	408079	56476262	0.568111502505409	5	1	0.63
ACTN01020006T	6	12	20	20	-0.44441922971005	2.37603922430045	7	-0.430384913522372	2.37603922430045	69724069	117731177	0.538339649667685	3	0	0.63
ACTN01020006T	6	13	61	61	0.650338219104404	0.467181672903875	22	0.650338219104404	0.467181672903875	135511108	160504615	0.568111502505409	7	2	0.63
ACTN01020006T	6	14	23	23	-0.626820855979235	1.27235986847152	3	-0.626820855979235	1.27148670011127	160517888	168347869	0.504631604865603	2	0	0.63
ACTN01020006T	7	15	82	82	-0.125240017972211	0.0949291563560517	9	-0.125240017972211	0.0949291563560517	6029748	142650475	0.416859833277961	4	2	0.63
ACTN01020006T	8	16	56	56	0.410568720120343	0.123443673918432	20	0.410568720120343	0.123443673918432	30973957	145742879	0.568111502505409	6	2	0.63
ACTN01020006T	9	17	30	30	-0.497446161928243	1.539913286494	5	-0.500540122700441	1.6649961991862	5050369	139405261	0.545427729730065	2	0	0.63
ACTN01020006T	10	18	17	17	0.229947620544266	0.075686579586248	18	0.231852048150285	0.0739311560252725	22027644	51585752	0.568111502505409	4	2	0.63
ACTN01020006T	10	19	21	21	-0.543614497598336	1.64600958680357	4	-0.543614497598336	1.64600958680357	70432350	88678424	0.566531258500453	2	0	0.63
ACTN01020006T	10	20	13	13	0.581657470860425	0.174547813195883	21	0.581657470860425	0.174547813195883	96534584	123325755	0.568111502505409	7	NA	0.63
ACTN01020006T	11	21	66	66	0.109683888559947	0.40253252563448	15	0.109683888559947	0.341757519483722	2156213	128679211	0.568111502505409	4	2	0.63
ACTN01020006T	12	22	74	74	-0.0368329212557182	0.169049731511554	10	-0.0368329212557182	0.169049731511554	475579	133263825	0.520739229294685	4	2	0.63
ACTN01020006T	13	23	5	5	-0.263130604586216	0.0648594256089399	8	-0.248058767425325	0.25044573534001	26959593	73349359	0.39507102420789	4	NA	0.63
ACTN01020006T	14	24	19	19	-0.244452074255527	0.321629003897525	8	-0.248058767425325	0.25044573534001	35871093	105258437	0.39507102420789	4	1	0.63
ACTN01020006T	15	25	50	50	0.107532387984838	0.213672469180437	15	0.109683888559947	0.341757519483722	40453497	99492313	0.568111502505409	4	2	0.63
ACTN01020006T	16	26	61	61	-0.00938557242379019	0.0627435105000314	11	0.00606234872163832	0.0782436389834295	9862236	89717711	0.53371452377717	4	2	0.63
ACTN01020006T	17	27	65	65	0.0755732139209286	3.2434402616835	13	0.0568099431371326	3.2434402616835	7150552	79479469	0.568111502505409	4	0	0.63
ACTN01020006T	18	28	14	14	0.229876052115649	0.088016878189922	18	0.231852048150285	0.0739311560252725	22774712	50589083	0.568111502505409	4	NA	0.63
ACTN01020006T	19	29	57	57	0.019839147751099	2.26049037786637	12	0.00606234872163832	2.26049037786637	1219274	52720262	0.568111502505409	4	0	0.63
ACTN01020006T	20	30	29	29	0.763050354217065	0.0935415528723134	23	0.763050354217065	0.0935415528723134	39797465	57485611	0.568111502505409	8	3	0.63
ACTN01020006T	21	31	24	24	-0.516382459904921	1.60494302576379	5	-0.500540122700441	1.6649961991862	39764016	46327287	0.545427729730065	2	0	0.63
ACTN01020006T	22	32	25	25	0.0101825762706878	0.16111247522376	11	0.00606234872163832	0.0782436389834295	21344592	41570071	0.53371452377717	4	2	0.63
ACTN01020006T	23	33	11	11	0.365092818898464	0.139242031770618	19	0.365092818898464	0.139242031770618	40996835	53449568	0.568111502505409	5	NA	0.63
ACTN01020007T	1	1	6	6	0.121553488114313	0.921834969454832	5	0.121553488114313	0.921834969454832	16256007	197072420	0.303376197333518	3	0	0.27
ACTN01020007T	2	2	3	3	-0.0444253874707546	1.72395067429761	3	-0.0169612098027364	0.82847594880754	113984033	136873549	0.427033512640304	2	0	0.27
ACTN01020007T	3	3	4	4	0.0250412270159389	0.577594502356502	4	0.0525778256019653	0.789925882617487	43122966	187447926	0.427033512640304	2	0	0.27
ACTN01020007T	4	4	2	2	-0.148171876331895	0.615735093647925	1	-0.148171876331895	0.615735093647925	62599289	106160365	0.427033512640304	1	0	0.27
ACTN01020007T	5	5	4	4	-0.0262058992149703	0.435966274786662	3	-0.0169612098027364	0.82847594880754	112175770	176720766	0.427033512640304	2	0	0.27
ACTN01020007T	6	6	2	2	-0.115994130639368	1.35213433598307	2	-0.0912415031197447	1.04314144401288	51586771	51891011	0.427033512640304	2	0	0.27
ACTN01020007T	7	7	2	2	0.058267756986532	0.298245853897574	4	0.0525778256019653	0.789925882617487	101844851	106510076	0.427033512640304	2	0	0.27
ACTN01020007T	8	8	1	1	-0.0278609020640151	1.81613469073384	3	-0.0169612098027364	0.82847594880754	37699516	37699516	0.427033512640304	2	0	0.27
ACTN01020007T	9	9	3	3	0.0133936845215258	0.916469483652032	3	-0.0169612098027364	0.82847594880754	97873435	139391636	0.427033512640304	2	0	0.27
ACTN01020007T	10	10	1	1	-0.096056275933236	1.24346790339907	2	-0.0912415031197447	1.04314144401288	70332066	70332066	0.427033512640304	2	0	0.27
ACTN01020007T	12	11	1	1	-0.00606151754145778	0.980527142847143	3	-0.0169612098027364	0.82847594880754	54575800	54575800	0.427033512640304	2	0	0.27
ACTN01020007T	14	12	3	3	-0.078199865945909	0.988105303309651	2	-0.0912415031197447	1.04314144401288	38061742	99642647	0.427033512640304	2	0	0.27
ACTN01020007T	15	13	3	3	-0.0912415031197447	0.850092638888773	2	-0.0912415031197447	1.04314144401288	74326711	74336633	0.427033512640304	2	0	0.27
ACTN01020007T	19	14	3	3	0.0554088278454264	1.41997527389709	4	0.0525778256019653	0.789925882617487	1225054	13940838	0.427033512640304	2	0	0.27
ACTN01020007T	22	15	1	1	0.0354973925143001	0.657846040679885	4	0.0525778256019653	0.789925882617487	30079213	30079213	0.427033512640304	2	0	0.27
ACTN01020009T	1	1	71	71	-0.0585039079855812	0.0467117502721911	7	-0.0443436931218728	0.0795533033894467	6184192	237058744	1	2	1	0.57
ACTN01020009T	2	2	89	89	-0.128933904631946	0.0247197536280449	6	-0.12788854392715	0.0348254288677311	24896389	234677659	1	2	1	0.57
ACTN01020009T	3	3	103	103	-0.0353816970650543	0.0793099801050293	7	-0.0443436931218728	0.0795533033894467	3192927	195612034	1	2	1	0.57
ACTN01020009T	4	4	40	40	-0.34595353276545	1.215228403451	2	-0.34595353276545	1.215228403451	54245749	143352065	0.496856933709143	2	0	0.57
ACTN01020009T	5	5	46	46	-0.042671757728511	0.15395284205434	7	-0.0443436931218728	0.0795533033894467	233371	180056192	1	2	1	0.57
ACTN01020009T	6	6	84	84	-0.304252954632751	0.0522848363062246	3	-0.287184101318881	0.0516069426170008	15374544	167275895	0.203765792242955	1	0	0.57
ACTN01020009T	7	7	87	87	0.109956145692017	0.0380630522749865	10	0.105654707909231	0.0380630522749865	2946461	151893695	0.37610972448363	3	1	0.57
ACTN01020009T	8	8	13	13	-0.716735306090897	0.370270614079366	1	-0.716735306090897	0.370270614079366	30933859	31025343	0.496856933709143	1	0	0.57
ACTN01020009T	8	9	58	58	0.731000719531574	1.0184449530487	13	0.731000719531574	1.0184449530487	37690918	145741130	0.496856933709143	5	1	0.57
ACTN01020009T	9	10	33	33	0.0177688144476089	0.363415097150396	8	0.0340619125801264	0.3561460772288	8320501	139412197	0.255923766483625	3	0	0.57
ACTN01020009T	10	11	49	49	-0.115573397136325	0.0526347271938551	6	-0.12788854392715	0.0348254288677311	21962238	123243197	1	2	1	0.57
ACTN01020009T	11	12	46	46	0.0432118724945701	0.353078534129682	8	0.0340619125801264	0.3561460772288	2156213	128443099	0.255923766483625	3	0	0.57
ACTN01020009T	12	13	85	85	0.101166129712146	0.167942026710981	9	0.105654707909231	0.157377981294158	1902766	133258088	0.496856933709143	3	1	0.57
ACTN01020009T	13	14	24	24	0.550271564802257	0.059651043164348	12	0.55294487087664	0.131634730333781	25466955	103521114	0.295986559362115	6	2	0.57
ACTN01020009T	14	15	26	26	-0.192904775592768	0.0529028167931496	5	-0.199744087778494	0.0447944993936151	51197893	92499856	1	2	1	0.57
ACTN01020009T	15	16	24	24	-0.20882353213541	0.0579304201176043	5	-0.199744087778494	0.0447944993936151	40894715	99456253	1	2	1	0.57
ACTN01020009T	16	17	111	111	-0.208687206329808	1.29545934498331	4	-0.199744087778494	1.29545934498331	14031063	89875259	0.496856933709143	2	0	0.57
ACTN01020009T	17	18	101	101	0.115497930298568	0.146673689789707	9	0.105654707909231	0.157377981294158	5421006	79974731	0.496856933709143	3	1	0.57
ACTN01020009T	18	19	24	24	-0.278212335401167	0.0479327278190823	3	-0.287184101318881	0.0516069426170008	22774712	50994208	0.203765792242955	1	0	0.57
ACTN01020009T	19	20	45	45	0.152979856753007	0.7307659629103	11	0.152979856753007	0.7307659629103	1219274	52704961	0.418478184260746	3	0	0.57
ACTN01020009T	20	21	28	28	0.953301870491941	0.39766031704543	14	0.953301870491941	0.39766031704543	30954295	57485611	0.496856933709143	6	2	0.57
ACTN01020009T	21	22	17	17	-0.21172028734801	0.0532425682663582	5	-0.199744087778494	0.0447944993936151	36206142	46329740	1	2	1	0.57
ACTN01020009T	22	23	36	36	-0.174711128035545	0.0327799808374921	5	-0.199744087778494	0.0447944993936151	21336549	41569887	1	2	1	0.57
ACTN01020009T	23	24	29	29	0.55294487087664	0.259941103411917	12	0.55294487087664	0.131634730333781	40993706	100609547	0.295986559362115	6	2	0.57
ACTN01020010T	1	1	83	83	0.186072568037184	0.063764054470455	11	0.183968393797676	0.0471495561114184	3312664	241679889	0.242517403064069	3	1	0.24
ACTN01020010T	2	2	121	121	-0.018048917947464	0.0493307835600677	8	-0.0152414302670545	0.0476526525683967	25458131	234677659	1	2	1	0.24
ACTN01020010T	3	3	92	92	-0.177015767723667	0.191790254117332	4	-0.17016244545134	0.138729988765463	3193826	195599085	0.318904147566482	1	0	0.24
ACTN01020010T	4	4	29	29	-0.156688113402376	0.0444908345090687	5	-0.17016244545134	0.0444908345090687	54245749	143352065	0.197412593953906	1	0	0.24
ACTN01020010T	5	5	55	55	0.11755036222051	0.0250649358920954	10	0.117182412054642	0.0339692309487251	1266310	180058963	1	2	1	0.24
ACTN01020010T	6	6	142	142	-0.107186050102684	0.0659543241798641	6	-0.107186050102684	0.0659543241798641	408079	168312624	0.230812868505938	1	0	0.24
ACTN01020010T	7	7	110	110	0.0493743214890432	0.0228702789406447	9	0.0565265978190581	0.0456098627646149	2983520	156798704	1	2	1	0.24
ACTN01020010T	8	8	81	81	0.180015918320007	0.027938361782189	11	0.183968393797676	0.0471495561114184	30968665	141467960	0.242517403064069	3	1	0.24
ACTN01020010T	9	9	32	32	0.0693282245031845	0.113218668158702	9	0.0565265978190581	0.0456098627646149	5050369	136907108	1	2	1	0.24
ACTN01020010T	10	10	55	55	0.0565265978190581	0.0480326153975472	9	0.0565265978190581	0.0456098627646149	8105745	123247037	1	2	1	0.24
ACTN01020010T	11	11	48	48	-0.262694886117513	0.351657904400579	3	-0.262694886117513	0.351657904400579	2158179	128679566	0.318904147566482	1	0	0.24
ACTN01020010T	12	12	89	89	-0.189435756813675	0.0887754625401608	4	-0.17016244545134	0.138729988765463	1902766	133263825	0.318904147566482	1	0	0.24
ACTN01020010T	13	13	11	11	-0.365675157884069	0.00916079626094077	2	-0.360352308346019	0.0067862763437806	28577688	32970736	0.213630427675879	0	0	0.24
ACTN01020010T	14	14	19	19	0.0155144088466668	0.033978169052188	8	-0.0152414302670545	0.0476526525683967	51273774	105258892	1	2	1	0.24
ACTN01020010T	15	15	32	32	0.0963266064877863	0.0474079939140536	10	0.117182412054642	0.0339692309487251	40894561	99468432	1	2	1	0.24
ACTN01020010T	16	16	92	92	0.274209651340155	0.0455289489774699	12	0.274209651340155	0.0455289489774699	2099232	89875033	0.318904147566482	3	1	0.24
ACTN01020010T	17	17	71	71	-0.0140288859295836	0.0571064745703006	8	-0.0152414302670545	0.0476526525683967	5421006	79479469	1	2	1	0.24
ACTN01020010T	18	18	28	28	-0.336868441692663	0.00556915062273771	2	-0.360352308346019	0.0067862763437806	22930336	56400351	0.213630427675879	0	0	0.24
ACTN01020010T	19	19	50	50	-0.00168622555303144	0.0366280287874208	8	-0.0152414302670545	0.0476526525683967	3110515	45873942	1	2	1	0.24
ACTN01020010T	20	20	37	37	-0.0636708994370115	0.0441981346055842	7	-0.0636708994370115	0.0441981346055842	39709255	57485611	0.189605022789831	1	0	0.24
ACTN01020010T	21	21	15	15	-0.409757999982694	0.02256421989773	1	-0.409757999982694	0.02256421989773	36165041	46329740	0.255592536264349	0	0	0.24
ACTN01020010T	22	22	47	47	-0.00744860144234703	0.0371743960848141	8	-0.0152414302670545	0.0476526525683967	21336549	43244238	1	2	1	0.24
ACTN01020011T	1	1	88	88	0.10126286803794	0.0839123458399844	10	0.0928610900812818	0.0587648873056948	3312664	241679889	0.371770244150263	3	1	0.58
ACTN01020011T	2	2	74	74	0.0792619666261106	0.0338061638023043	10	0.0928610900812818	0.0587648873056948	24896389	234677659	0.371770244150263	3	1	0.58
ACTN01020011T	3	3	10	10	0.213468550184167	1.33754739528549	13	0.230417150104072	1.33754739528549	3192927	14214033	0.371770244150263	4	NA	0.58
ACTN01020011T	3	4	67	67	-0.199700321694746	0.44336203245247	6	-0.199700321694746	0.44336203245247	14215157	89521693	0.330142997955349	2	0	0.58
ACTN01020011T	3	5	53	53	0.539734794477532	1.88542707597129	15	0.539734794477532	1.88542707597129	128203006	195599085	0.371770244150263	6	0	0.58
ACTN01020011T	4	6	25	25	0.1810425902887	0.0261643509028352	11	0.178266290474963	0.0285797783357632	40245990	143067605	0.251249892458935	5	2	0.58
ACTN01020011T	5	7	22	22	0.15613559403929	0.109521269102639	11	0.178266290474963	0.0285797783357632	1266310	180076129	0.251249892458935	5	2	0.58
ACTN01020011T	6	8	42	42	-0.251297874365949	0.480223315030376	4	-0.251297874365949	0.465832441302477	15374544	51949862	0.331865827622774	2	0	0.58
ACTN01020011T	6	9	21	21	0.157443804298533	0.0184482300114398	11	0.178266290474963	0.0285797783357632	56425284	56507135	0.251249892458935	5	2	0.58
ACTN01020011T	6	10	100	100	-0.384856403188759	0.427850956642474	2	-0.384856403188759	0.427850956642474	69724069	167275895	0.320675010809334	2	0	0.58
ACTN01020011T	7	11	59	59	-0.00892792055788123	0.0996995969002865	9	-0.0112644142004824	0.119288233869112	6034819	151893675	0.371770244150263	3	1	0.58
ACTN01020011T	8	12	7	7	1.95753887177286	1.32620045291893	16	1.95753887177286	1.32620045291893	30933859	38318337	0.371770244150263	21	NA	0.58
ACTN01020011T	8	13	68	68	0.363903346644066	0.077788816725987	14	0.363903346644066	0.077788816725987	41799893	141034652	0.371770244150263	5	2	0.58
ACTN01020011T	9	14	27	27	-0.232872699720455	0.0946412437843559	5	-0.251297874365949	0.0946412437843559	5050369	136905765	0.171569478076557	2	0	0.58
ACTN01020011T	10	15	39	39	-0.107734521690299	0.386340418384159	7	-0.109971825561879	0.447333328186819	8105745	123325755	0.242766281597794	3	0	0.58
ACTN01020011T	11	16	52	52	-0.0836874690854403	0.198209333624845	8	-0.109971825561879	0.198209333624845	2158179	128679211	0.31382400648857	3	0	0.58
ACTN01020011T	12	17	34	34	0.193083594720283	0.0219664884984592	11	0.178266290474963	0.0285797783357632	2595011	79689489	0.251249892458935	5	2	0.58
ACTN01020011T	12	18	47	47	-0.22263010503752	0.480149843730822	4	-0.251297874365949	0.465832441302477	79693832	133263825	0.331865827622774	2	0	0.58
ACTN01020011T	13	19	25	25	-0.337435159457135	0.435869892073186	3	-0.337435159457135	0.435869892073186	25460829	103524762	0.325622769657917	2	0	0.58
ACTN01020011T	14	20	20	20	-0.287999333563504	0.418340650230423	4	-0.251297874365949	0.465832441302477	23788526	105258892	0.331865827622774	2	0	0.58
ACTN01020011T	15	21	27	27	-0.0154209139120482	0.189680118503054	9	-0.0112644142004824	0.119288233869112	40991430	99492313	0.371770244150263	3	1	0.58
ACTN01020011T	16	22	57	57	0.230417150104072	0.0294480976904322	12	0.230417150104072	0.0294480976904322	2111230	85946481	0.280985829682073	5	2	0.58
ACTN01020011T	17	23	90	90	-0.108237595807205	0.516327602068118	7	-0.109971825561879	0.447333328186819	7150552	79974731	0.242766281597794	3	0	0.58
ACTN01020011T	18	24	28	28	-0.429797529271514	0.400780083560942	1	-0.429797529271514	0.400780083560942	22774712	59206480	0.371770244150263	1	0	0.58
ACTN01020011T	19	25	54	54	-0.105346939751397	0.440092234720595	7	-0.109971825561879	0.447333328186819	1219274	45923653	0.242766281597794	3	0	0.58
ACTN01020011T	20	26	27	27	0.180555456894355	0.0103061648056233	11	0.178266290474963	0.0285797783357632	39797465	57485611	0.251249892458935	5	2	0.58
ACTN01020011T	21	27	24	24	-0.259264141651294	0.409682174826757	4	-0.251297874365949	0.465832441302477	36232156	46327287	0.331865827622774	2	0	0.58
ACTN01020011T	22	28	68	68	-0.144561389442969	0.372001705554407	7	-0.109971825561879	0.447333328186819	21336549	43244238	0.242766281597794	3	0	0.58
ACTN01020012T	1	1	4	4	-0.0774818507833763	1.22116142349254	3	-0.0841343919003569	1.1823339336856	16256007	182554557	0.48686258391668	2	0	0.58
ACTN01020012T	3	2	4	4	0.00429394261682922	0.902671118458924	4	-0.00412944099691467	1.23581690932985	47162661	187447926	0.48686258391668	2	0	0.58
ACTN01020012T	4	3	1	1	0.193273938632308	0.170272377777882	7	0.193273938632308	1.18940852812651	106160365	106160365	0.363209870858667	3	0	0.58
ACTN01020012T	5	4	3	3	0.0680530489143476	1.6506173696402	5	0.0659459769536197	1.08780925000489	137802404	176720766	0.48686258391668	2	0	0.58
ACTN01020012T	6	5	7	7	-0.0841343919003569	1.11208954800368	3	-0.0841343919003569	1.1823339336856	32170433	168364813	0.48686258391668	2	0	0.58
ACTN01020012T	7	6	6	6	0.0816922677373297	0.85131132210686	5	0.0659459769536197	1.08780925000489	70254674	140426257	0.48686258391668	2	0	0.58
ACTN01020012T	8	7	1	1	-0.151471817849127	1.70559948547454	2	-0.151471817849127	1.77527501034335	37699516	37699516	0.624884983777014	1	0	0.58
ACTN01020012T	9	8	1	1	-0.367598408685367	1.08979665989357	1	-0.367598408685367	1.08979665989357	97873339	97873339	0.624884983777014	1	0	0.58
ACTN01020012T	10	9	2	2	-0.0136537039662015	1.61768752538978	4	-0.00412944099691467	1.23581690932985	70332066	70332580	0.48686258391668	2	0	0.58
ACTN01020012T	11	10	1	1	-0.145906999078122	1.46183420859636	2	-0.151471817849127	1.77527501034335	3732960	3732960	0.624884983777014	1	0	0.58
ACTN01020012T	12	11	3	3	-0.180462122109702	1.82080003983638	2	-0.151471817849127	1.77527501034335	49427652	49444545	0.624884983777014	1	0	0.58
ACTN01020012T	13	12	3	3	-0.00412944099691467	1.22122549355857	4	-0.00412944099691467	1.23581690932985	28960593	28963702	0.48686258391668	2	0	0.58
ACTN01020012T	14	13	3	3	0.14802531841569	0.333409015206444	6	0.14802531841569	0.333409015206444	81570150	81571659	0.203801033500723	3	0	0.58
ACTN01020012T	15	14	4	4	0.0371397874298374	1.26539259793082	5	0.0659459769536197	1.08780925000489	40914177	40915894	0.48686258391668	2	0	0.58
ACTN01020012T	16	15	2	2	-0.126038012640281	1.83416458305949	2	-0.151471817849127	1.77527501034335	24583406	89865103	0.624884983777014	1	0	0.58
ACTN01020012T	17	16	4	4	0.0641877388488201	1.05884745523812	5	0.0659459769536197	1.08780925000489	41244000	78319136	0.48686258391668	2	0	0.58
ACTN01020012T	19	17	2	2	-0.0291211315792587	1.61695584464732	4	-0.00412944099691467	1.23581690932985	1225054	2226676	0.48686258391668	2	0	0.58
ACTN01020012T	20	18	2	2	0.189367250046507	1.63317365618113	7	0.193273938632308	1.18940852812651	31024274	31025231	0.363209870858667	3	0	0.58
